<Products>

	<Product>
		<ProducId>1</ProducId>
		<Label>Nimbus2000</Label>
		<Description>BroomStick</Description>
		<UnitPrice>3000</UnitPrice>
		<Tax>23</Tax>
	</Product>
	
	<Product>
		<ProducId>2</ProducId>
		<Label>T100</Label>
		<Description>Housework helping machine</Description>
		<UnitPrice>5999</UnitPrice>
		<Tax>0</Tax>
	</Product>
	
	<Product>
		<ProducId>3</ProducId>
		<Label>The One Ring</Label>
		<Description>Makes you dissappear</Description>
		<UnitPrice>1999</UnitPrice>
		<Tax>0</Tax>
	</Product>
	
	<Product>
		<ProducId>4</ProducId>
		<Label>Volley ball</Label>
		<Description>Wilson</Description>
		<UnitPrice>19</UnitPrice>
		<Tax>5</Tax>
	</Product>
	
	<Product>
		<ProducId>5</ProducId>
		<Label>Mjolnir</Label>
		<Description>Nailed it</Description>
		<UnitPrice>12335</UnitPrice>
		<Tax>15</Tax>
	</Product>

</Products>

<Accounts>

	<Account>
		<AccountId>1</AccountId>
		<FirstName>Mark</FirstName>
		<LastName>BugFixer</LastName>
	</Account>

</Accounts>

<Invoices>

	<Invoice>
		<InvoiceId>222/ST/</InvoiceId>
		<AccountId>1</AccountId>
	</Invoice>
	
	<Invoice>
		<InvoiceId>88/SU/05/</InvoiceId>
		<AccountId>1</AccountId>
	</Invoice>
	
	<Invoice>
		<InvoiceId>135/ST/GD/05/</InvoiceId>
		<AccountId>1</AccountId>
	</Invoice>

</Invoices>

<InvoiceEntries>

	<InvoiceEntry>
		<InvoiceEntryId>1</InvoiceEntryId>
		<InvoiceId>222/ST/</InvoiceId>
		<ProducId>1</ProducId>
		<Quantity>5</Quantity>
	</InvoiceEntry>
	
	<InvoiceEntry>
		<InvoiceEntryId>2</InvoiceEntryId>
		<InvoiceId>222/ST/</InvoiceId>
		<ProducId>2</ProducId>
		<Quantity>20</Quantity>
	</InvoiceEntry>
	
	<InvoiceEntry>
		<InvoiceEntryId>3</InvoiceEntryId>
		<InvoiceId>222/ST/</InvoiceId>
		<ProducId>5</ProducId>
		<Quantity>1</Quantity>
	</InvoiceEntry>
	
	<InvoiceEntry>
		<InvoiceEntryId>4</InvoiceEntryId>
		<InvoiceId>88/SU/05/</InvoiceId>
		<ProducId>3</ProducId>
		<Quantity>7</Quantity>
	</InvoiceEntry>
	
	<InvoiceEntry>
		<InvoiceEntryId>5</InvoiceEntryId>
		<InvoiceId>88/SU/05/</InvoiceId>
		<ProducId>5</ProducId>
		<Quantity>5</Quantity>
	</InvoiceEntry>
	
	<InvoiceEntry>
		<InvoiceEntryId>6</InvoiceEntryId>
		<InvoiceId>88/SU/05/</InvoiceId>
		<ProducId>4</ProducId>
		<Quantity>8</Quantity>
	</InvoiceEntry>
	
	<InvoiceEntry>
		<InvoiceEntryId>7</InvoiceEntryId>
		<InvoiceId>135/ST/GD/05/</InvoiceId>
		<ProducId>2</ProducId>
		<Quantity>10</Quantity>
	</InvoiceEntry>
	
	<InvoiceEntry>
		<InvoiceEntryId>8</InvoiceEntryId>
		<InvoiceId>135/ST/GD/05/</InvoiceId>
		<ProducId>3</ProducId>
		<Quantity>1</Quantity>
	</InvoiceEntry>
	
	<InvoiceEntry>
		<InvoiceEntryId>9</InvoiceEntryId>
		<InvoiceId>135/ST/GD/05/</InvoiceId>
		<ProducId>4</ProducId>
		<Quantity>50</Quantity>
	</InvoiceEntry>

</InvoiceEntries>